Actual,Predicted_Mean,Predicted_Std
0.105695579,6.6804943,3.47514
0.545505862,5.771072,3.0914674
7.375,33.2143,26.330898
119.975,101.82138,8.443989
0.360896362,4.6914043,4.544198
6.967949609,20.936773,10.664696
7.25,13.619536,8.276468
20.69632301,18.295057,8.918446
136.695,175.30913,84.829506
67.0,18.83193,10.253585
29.4,36.8043,2.801452
79.0,60.867176,4.8081646
16.33993631,18.603844,6.6200957
2.881954239,3.6667042,2.0067236
53.0583,49.11001,13.280134
5.09828768,7.6924634,2.7113144
37.9,47.203583,11.387719
3.6,10.146929,5.8783813
38.225,59.085636,9.778961
22.405,17.738428,7.930768
2.516655212,2.5031455,4.159409
49.495,42.426037,29.817177
50.375,41.248844,7.0137877
81.1032,57.22752,12.958402
74.975,76.870834,6.9481826
9.738169246,9.852685,3.0063298
68.315,37.716488,5.426459
51.39,31.67022,10.084984
6.863877561,20.554523,10.153312
42.7,63.85114,7.72307
26.085,34.277306,10.800632
160.875,101.82138,8.443989
50.66,15.778343,17.299685
95.0,91.600334,9.676868
35.63,51.813,6.45876
30.75,35.614853,12.43345
81.0,65.09179,3.9258263
72.775,41.914547,15.969773
2.73,10.287018,9.3702755
36.15,42.59357,4.376112
43.705,59.31877,6.575419
29.36,79.75313,30.283716
45.4866,38.151577,11.382879
64.09,55.030445,12.87558
47.4,63.85114,7.72307
55.0,50.02466,8.59931
2.235693557,27.782494,14.577119
8.728267055,12.038595,3.7752872
5.0,19.292706,8.95207
34.05,67.37058,9.57353
10.37996728,24.411777,7.795619
27.12064974,20.314259,11.883802
36.825,61.929188,3.9920814
39.765,44.813343,10.525009
6.711817161,5.77106,3.4979017
103.8,59.31877,6.575419
6.21,20.514925,8.455221
14.37,41.003185,9.165955
15.12120014,11.432141,3.889202
5.781,38.127907,10.332892
32.845,36.215324,13.319742
12.755,59.790108,11.681231
12.9,19.98213,12.559724
45.86752701,13.171471,6.8128185
74.425,52.82581,11.36528
50.5,76.870834,6.9481826
11.98811833,8.954358,2.0076532
4.155,24.555288,10.832047
14.69,35.633568,25.984865
73.18,41.258263,5.8371263
105.6,63.85114,7.72307
53.47,30.042517,10.971168
101.235,54.6046,7.9860883
97.0,59.888447,19.652945
77.6534,68.95783,3.1699998
26.86,38.77878,9.620908
2.620200701,13.080452,4.6544504
51.805,42.544037,17.478653
3.313323905,6.783901,4.2404666
23.65,22.271997,5.8694544
53.9419,68.95783,3.1699998
55.11,25.628717,8.999044
6.941807852,10.134497,2.6045115
99.42,101.82138,8.443989
4.709627936,5.7939863,3.7166486
59.335,78.53853,5.6094437
69.915,48.82509,12.59288
28.995,39.996136,13.23796
10.34,32.477215,14.090139
42.582,34.1119,4.3024573
5.825910237,5.768097,3.040812
17.69,48.853138,13.445773
42.295,31.67022,10.084984
11.78459997,12.017172,4.7577457
39.855,41.79136,4.925489
10.8,17.545626,6.6152916
0.205901807,4.710026,2.227827
16.83829299,11.648037,3.559419
7.175,9.180339,5.84613
1.525509206,9.258682,3.2306724
0.300354501,11.325015,5.53415
17.19,54.6046,7.9860883
11.5,13.55151,4.3628187
31.305,78.14094,23.162722
16.995,42.210045,6.562968
47.65,63.85114,7.72307
2.124253807,7.6924634,2.7113144
6.593599886,17.938314,4.976566
93.565,101.82138,8.443989
49.615,61.929188,3.9920814
10.4,37.894764,13.660927
3.280148948,8.535107,2.185785
97.025,56.5388,26.004902
39.995,48.959267,7.1304507
109.23,76.870834,6.9481826
111.83,91.600334,9.676868
19.3,19.292706,8.95207
1.025987207,8.25308,7.6619
0.297069536,5.5672665,5.0197606
25.555,45.527657,9.197294
41.625,38.836884,8.440965
3.288851136,4.937726,2.1175778
5.84,10.811802,7.2955446
3.072001601,4.0623174,2.5733707
6.287094113,10.65803,6.0072713
57.75,62.741783,13.315018
44.045,62.458336,6.7875233
3.341080655,6.948861,4.597619
38.485,49.56145,9.226144
68.25,65.20564,17.686626
25.6141814,18.295057,8.918446
48.85,94.50325,40.23972
39.96,20.751253,7.304816
24.55,36.8043,2.801452
0.687736061,4.787107,4.1266837
131.81,69.61031,9.865861
17.5,17.155575,6.348449
76.6617,80.5054,7.467366
14.82,54.321457,8.979785
72.1,54.321457,8.979785
48.35,36.8043,2.801452
7.94,35.161343,11.159032
33.7,42.210045,6.562968
20.84,28.688593,18.207844
91.9,47.203583,11.387719
42.2,70.768875,5.383728
22.895,56.238873,6.0796547
93.85,70.768875,5.383728
7.335,17.448746,9.156769
70.06,67.22631,8.391151
51.4,56.654957,5.008091
33.6,28.87713,10.260928
50.985,39.15105,11.8920145
43.195,44.852062,12.107995
15.75837349,13.514043,2.9690313
97.25,80.00169,11.813554
45.615,46.823032,6.1765785
38.38,36.733646,5.9791994
6.645,11.096842,4.5681467
3.066854766,9.080674,6.2506294
34.94,89.67051,7.3925915
217.695,147.1328,24.015985
0.319659338,9.160602,4.6496058
59.831,37.500896,14.575217
46.1399,59.31877,6.575419
109.42,69.95891,30.733944
21.40876136,8.639087,2.7826812
1.79496278,8.337858,5.800003
30.86,22.420715,6.3711133
23.075,61.22325,12.045494
48.4,42.210045,6.562968
33.415,25.628717,8.999044
13.475,20.033892,7.4100533
67.7,80.00169,11.813554
41.266,38.127907,10.332892
4.6,74.96969,21.277527
4.3934079,6.948861,4.597619
84.15,65.09179,3.9258263
66.755,39.390106,15.98505
141.68,101.82138,8.443989
27.15,76.870834,6.9481826
25.0,64.77159,18.725235
42.67,33.73737,10.395557
51.935,35.48974,10.144435
31.45,36.8043,2.801452
83.7822,71.59637,16.517313
70.0159,61.190075,13.909079
16.11,32.019962,17.625486
63.765,32.77715,13.580002
4.5,29.862225,8.50114
1.861990415,3.6916425,3.897199
40.75,39.058815,7.7473073
43.895,21.668762,8.747956
3.231130599,10.616223,6.0229855
1.07815376,4.780269,2.56238
25.14522148,18.01945,3.947086
135.4,63.85114,7.72307
18.195,29.229498,10.184834
1.392842835,5.0255265,4.43181
49.5,32.418148,6.1279287
64.0046,60.633896,14.057936
22.4518357,6.9314103,2.319448
24.65575069,3.880385,2.1957254
59.0,18.83193,10.253585
2.0,7.5105577,15.987361
53.16,49.700718,8.427026
61.8473,89.67051,7.3925915
100.1899,59.31877,6.575419
3.910018672,6.8136415,5.811016
82.4345,54.6046,7.9860883
52.465,41.334705,12.342374
40.1,21.80399,21.320736
76.825,67.37058,9.57353
3.245923644,3.3225458,3.322364
15.14845331,22.141254,7.1762843
62.8,63.85114,7.72307
4.397203234,10.09555,3.473575
50.7,43.695755,10.598678
36.34,45.250954,12.350406
31.9,29.41285,8.827212
110.33,46.52102,19.199837
25.075,21.72844,10.982746
11.81567853,10.266372,2.0170867
39.58,37.545204,2.426585
65.5,47.203583,11.387719
55.995,56.238873,6.0796547
4.693793781,9.02846,7.583193
22.565,20.713694,8.130098
40.58,68.06595,23.531023
21.825,45.724052,9.742729
15.8311148,12.821978,5.063556
52.075,49.92536,10.8799925
6.34,41.901688,9.517247
74.275,79.75313,30.283716
30.3,17.545626,6.6152916
4.8,19.799541,19.64804
215.2,78.590675,17.432503
31.1,75.02853,25.344357
7.385,21.750725,17.670628
57.73,31.548634,10.936259
83.848,81.65418,3.5380569
17.7,11.499263,8.973803
10.575,13.226213,18.827326
60.9,65.09179,3.9258263
44.385,32.159744,11.991901
5.477369767,13.37119,5.394099
19.83999641,15.427918,5.20334
25.71988818,10.8718815,3.6365335
62.228,60.60985,22.883577
99.5601,85.59313,14.107917
33.97,37.545204,2.426585
14.4415149,15.717125,7.2860646
107.315,34.73096,12.516785
36.32,28.618305,9.472086
3.5,17.498512,14.094968
24.73526357,10.014295,5.2263417
17.655,11.860775,4.620649
12.19664079,10.321572,2.128411
58.6748,56.428413,7.620779
1.673022482,5.0255265,4.43181
29.845,59.31877,6.575419
5.334893437,7.7915215,4.627566
76.9945,54.6046,7.9860883
3.733999899,5.7988563,6.116187
113.075,84.267334,6.9163065
0.319285775,2.1922219,2.866339
12.46485663,14.121685,2.9181888
77.7709,77.66145,7.661852
1.120334373,7.64001,4.2256203
16.8,37.894764,13.660927
1.905,17.993357,12.742475
6.994364998,7.668289,2.4395154
2.635,13.6609745,9.734528
12.535,46.900314,16.400574
11.2,36.8043,2.801452
8.822551755,6.89404,3.5092888
46.59,39.289814,10.847881
30.075,26.976013,19.7032
24.395,28.761118,11.17175
49.025,42.544037,17.478653
9.005,21.658768,9.580598
87.6,76.80309,16.478092
18.175,59.646626,9.832618
36.5155,63.35226,11.870283
67.125,43.394554,7.549454
29.6,36.8043,2.801452
8.299941319,7.668289,2.4395154
4.266163474,13.622145,10.030808
38.05,36.8043,2.801452
21.44084199,13.557099,3.2422256
54.24,45.05387,11.130325
33.0598,33.42353,2.1929038
88.0075,65.66183,12.287923
38.525,40.84669,10.355535
2.765753852,8.344744,1.8135859
9.259711555,6.777335,3.9678648
9.455,56.238873,6.0796547
1.311689661,6.374107,3.8680773
7.485,22.25546,20.222052
10.95317157,18.220236,7.681879
10.865,10.367471,6.671502
8.75,20.514925,8.455221
0.212881668,9.264218,8.8911915
5.905,35.60971,10.747198
8.205,46.900314,16.400574
38.66034658,21.321877,7.9286094
64.85,54.00921,9.143729
45.365,61.96282,10.407253
47.95,37.716488,5.426459
15.25,36.8043,2.801452
19.92392291,20.314259,11.883802
76.7792,71.85556,13.955771
76.093,66.77396,12.657775
72.1,59.31877,6.575419
5.2,33.893036,10.865934
32.295,61.22325,12.045494
19.2,47.78233,12.643272
19.375,56.238873,6.0796547
114.33,28.303055,11.005232
33.38442615,14.537997,5.5708184
71.075,38.30905,17.368132
61.85,77.3982,56.275974
34.11824143,14.140064,6.6477594
56.7945,19.62689,9.691087
27.2086694,11.512043,5.998294
54.14,38.638145,8.034807
58.8,67.37058,9.57353
33.0457,38.65331,9.22893
54.515,42.210045,6.562968
105.715,54.6046,7.9860883
20.50708978,11.081466,2.7046907
5.628599421,6.110421,2.538813
7.922419192,11.346183,8.742891
6.963811875,12.0267935,3.451405
0.149562306,5.037022,4.403752
36.615,37.716488,5.426459
2.934281605,6.9779644,5.831072
12.26,20.199945,6.529576
30.9,63.012905,10.248888
131.425,106.39819,22.003246
21.34,40.376297,8.70884
7.72,32.14784,26.529985
1.775,6.5781837,4.9862833
57.605,25.628717,8.999044
36.985,40.673912,12.4253025
8.574996608,5.7988563,6.116187
7.92,29.95234,20.50549
104.45,93.83947,20.341705
1.341927835,5.826297,3.490633
36.29635766,17.120445,6.3597703
4.771321053,15.066974,6.108154
95.565,86.15872,16.378548
6.307421736,5.0519576,2.545826
6.073780144,10.536395,2.5866714
67.0,18.83193,10.253585
11.29890109,8.006501,2.881045
17.47279925,14.438218,10.793762
2.870535473,2.9092836,5.4890122
113.4157,59.31877,6.575419
33.409,91.600334,9.676868
25.605,43.394554,7.549454
37.5,36.8043,2.801452
24.6494082,27.486792,9.809921
53.64,26.458101,10.475721
41.015,39.84065,7.039987
0.214954262,4.4583516,2.1521738
1.197900713,3.5780444,3.2403572
9.325,55.774105,8.597966
59.5302,50.696255,12.7800045
23.65,36.8043,2.801452
27.37180458,11.276734,3.2648637
0.216001613,5.516371,4.064843
60.9355,46.430626,8.698248
2.595,43.91089,10.728816
68.55,67.37058,9.57353
0.263961329,8.899871,6.9332867
32.25,67.37058,9.57353
40.76,68.55087,13.317425
8.275,67.26174,31.928238
155.78,101.57035,43.15124
32.52,39.603725,10.352785
55.8219,49.162163,9.598988
20.09,41.003185,9.165955
98.725,42.852673,8.8712845
50.55,47.203583,11.387719
38.25,42.210045,6.562968
17.7885566,9.15193,2.635648
135.75,77.3982,56.275974
10.37,18.994392,13.808257
5.2,9.824939,5.230425
8.585,35.47502,10.012212
140.875,106.39819,22.003246
25.11,44.254135,10.034744
55.06,36.632557,6.768823
28.6465,30.043737,4.66403
8.97,36.587112,12.017899
14.675,33.33664,19.607964
9.829955723,8.238171,3.1899438
6.8,28.59401,12.219143
7.91744116,4.0341506,4.1669664
15.58,32.630096,11.341817
39.17,51.044228,9.276107
5.225009504,9.385508,2.5136082
13.73,22.53431,13.689144
64.95,70.150795,14.297283
18.80406243,13.823834,7.4584684
22.01127404,16.236238,7.7275963
2.66,12.44309,13.033495
26.64832927,5.1031256,2.31562
12.435,22.004433,9.904306
67.58,72.68293,12.554549
222.02,103.15797,69.68519
34.805,59.31877,6.575419
82.45,65.20564,17.686626
36.7,36.8043,2.801452
22.98,25.313835,9.994205
44.835,49.911076,11.936306
107.565,76.870834,6.9481826
95.315,42.210045,6.562968
14.74479717,22.049278,9.016865
87.1,77.3982,56.275974
2.509310143,6.752128,2.1265028
71.064,89.67051,7.3925915
21.89,24.39933,7.9134326
20.96498481,10.806477,2.6882215
12.75,23.356524,12.433995
55.55,64.32983,5.4330764
59.7182,53.87795,6.2527204
73.6,36.8043,2.801452
3.788985641,12.071471,6.225162
8.215,79.75313,30.283716
1.571945366,7.253771,2.6643794
2.485230451,2.2700663,1.5967963
15.16057492,15.711509,4.5877786
52.645,44.747593,11.018101
63.675,39.07734,19.984583
7.49,49.26596,16.350018
37.8,65.09179,3.9258263
95.685,62.2176,10.641395
23.505,33.407455,16.552284
45.75,37.545204,2.426585
83.055,56.741676,16.698214
63.05,47.980133,9.396923
7.19,28.821932,23.869726
8.935,20.636284,8.124596
39.58,46.006195,7.249769
9.59,14.167364,2.2660336
79.72,54.365143,24.181574
1.908529128,6.884314,2.584322
96.835,84.267334,6.9163065
37.55,62.515434,10.412549
59.255,47.980133,9.396923
21.75,47.78233,12.643272
92.44,30.228395,10.98979
46.22,26.59577,11.462504
108.55,83.61484,29.885632
43.757,34.1119,4.3024573
0.355422042,2.9564342,2.6008434
1.386613973,17.495886,7.9169965
65.565,56.238873,6.0796547
2.604428236,8.736615,7.3618617
96.6,51.723392,11.393674
64.405,51.561157,13.393059
79.31,70.40253,9.746466
63.135,61.32823,25.15139
17.52138703,9.586498,4.287626
4.815466985,5.159088,3.4994636
16.11548873,9.008342,2.6837695
85.07,76.870834,6.9481826
26.875,32.409508,6.641391
1.85,7.5105577,15.987361
1.230528098,11.44759,7.1453786
6.35,12.8359995,17.637981
30.221,33.06541,4.3490305
15.00853873,23.644554,4.4199514
3.801316644,4.261869,3.6290028
6.885580209,21.938799,8.455083
64.56,56.238873,6.0796547
63.905,31.548634,10.936259
11.97449637,16.935492,7.425697
27.68,30.50395,9.587431
3.502514048,6.395247,4.969107
88.365,42.852673,8.8712845
6.596411749,17.126068,3.3676062
10.76981374,12.821978,5.063556
36.75,44.268524,10.003215
115.215,98.31656,23.675093
17.63343564,8.930857,5.2103696
49.1714,38.151577,11.382879
7.828550021,16.81726,6.5909524
16.403,17.032194,23.025476
104.455,36.76299,9.900081
15.69904428,9.852685,3.0063298
2.796381579,8.931215,4.80137
36.8104,37.790688,3.1674232
2.960298483,8.910002,5.0652146
8.41451075,11.282071,3.4743075
60.8556,55.18395,10.05488
2.35,7.5105577,15.987361
2.425268228,6.608179,2.6053786
23.0,20.682854,8.707901
134.0,59.701378,16.929335
0.881437932,5.4201436,3.1501377
19.55,40.36911,10.242964
16.06,47.646427,21.628206
67.54,44.719513,6.1462317
95.51,75.6863,11.390527
34.8,67.37058,9.57353
68.8,41.248844,7.0137877
56.44,41.974518,9.822689
32.83,42.544037,17.478653
20.85,22.091108,9.056654
69.7198,68.95783,3.1699998
29.775,37.545204,2.426585
21.32447381,15.909529,5.885106
44.6171,35.594337,14.053906
45.0,54.37603,9.601762
1.5,7.5105577,15.987361
4.843442634,6.7995973,2.1277573
25.7,43.587612,14.644799
18.44109715,9.910247,2.850381
107.285,98.31656,23.675093
38.1575,63.35226,11.870283
76.88,55.170834,6.608951
5.217351694,11.787484,3.5999265
2.115,6.5781837,4.9862833
24.05,14.664796,16.438726
32.165,41.258263,5.8371263
32.53,61.929188,3.9920814
6.254112519,16.718578,6.552288
1.4,7.5105577,15.987361
36.585,43.404316,23.31475
36.33,38.971897,8.728625
1.634711325,8.954288,6.720144
74.1,61.076942,31.390663
0.861831995,12.058508,7.1095557
35.395,37.43477,7.3910456
8.32,8.801263,4.691354
53.14,44.719513,6.1462317
79.5625,42.55708,10.5745945
33.981,42.59357,4.376112
23.85,29.390547,13.422079
76.1964,90.063866,5.6509857
56.25,50.167915,20.975103
111.685,76.870834,6.9481826
0.980771747,6.413239,2.2086835
7.96,20.751253,7.304816
9.775,50.521805,16.76305
1.65,7.5105577,15.987361
45.0824,40.51726,6.580425
66.5708,73.05143,17.701044
37.506,59.31877,6.575419
14.935,42.210045,6.562968
82.435,52.82581,11.36528
93.295,78.14094,23.162722
55.51,33.74049,10.030279
6.515,24.018642,19.620815
49.85,36.8043,2.801452
36.925,40.172543,7.179434
3.705,40.788116,12.299201
23.11,52.93607,20.797396
44.97,62.50424,9.601987
5.161193855,10.09555,3.473575
2.29,7.7913246,8.215494
11.57325986,12.0267935,3.451405
66.885,45.72079,10.887312
64.75,76.870834,6.9481826
17.02,16.115133,5.8292236
68.7281,70.27838,15.112218
59.8357,55.18395,10.05488
53.45,36.8043,2.801452
17.71340725,6.898647,2.6100142
8.285,18.19886,9.500993
76.8826,75.89883,8.935971
48.25,63.85114,7.72307
1.731923027,5.068415,4.225004
42.245,43.97622,11.722638
45.385,42.544037,17.478653
64.04,42.426037,29.817177
69.3344,83.538895,11.734952
5.300874146,4.937726,2.1175778
9.585,17.776896,10.221869
73.84,48.134842,11.254931
60.3,39.058815,7.7473073
22.29,60.867176,4.8081646
35.935,39.71309,11.173558
3.95,47.58154,14.917425
20.07215634,15.411925,5.304049
118.6125,91.600334,9.676868
107.82,69.61031,9.865861
72.8,67.37058,9.57353
60.39,32.294292,10.994088
42.14,46.823032,6.1765785
3.314825273,7.674838,4.4802856
110.125,69.54219,42.03626
65.7,52.82581,11.36528
189.82,89.67051,7.3925915
51.95,29.84509,5.6639714
11.77879142,11.825413,3.3965743
68.79,63.79096,19.388285
0.89,33.59459,8.696923
73.475,52.738262,24.876518
21.0,40.969864,9.101354
63.425,70.768875,5.383728
72.515,41.974518,9.822689
134.62,47.48485,18.412292
55.9,65.09179,3.9258263
151.15,98.31656,23.675093
7.905,11.096842,4.5681467
11.885,40.392315,12.066364
1.166032768,8.102552,3.5889678
76.525,36.76299,9.900081
9.365,15.032733,4.618653
2.616571722,6.5654626,4.503951
33.4311,59.31877,6.575419
0.820019265,4.443129,3.8466167
21.67707459,4.6333084,3.2805552
4.185,59.790108,11.681231
1.415391643,8.702814,4.2564917
7.925,12.009849,9.477051
55.14,47.980133,9.396923
27.165,36.20665,11.824567
51.67,43.587612,14.644799
21.6106,59.31877,6.575419
3.93,11.499263,8.973803
2.644203142,4.2495756,6.495656
11.735,35.161343,11.159032
192.175,101.82138,8.443989
31.55,36.8043,2.801452
26.52,39.460167,13.530489
33.57875078,26.658726,9.063572
4.23,35.380344,9.994204
67.265,46.42704,14.466605
90.56,62.96145,9.617459
35.405,41.765324,3.3677354
19.6580693,9.910247,2.850381
32.0,37.43477,7.3910456
0.195231034,8.844749,5.2141814
22.22,44.719513,6.1462317
51.3,47.980133,9.396923
78.024,54.6046,7.9860883
118.855,71.312805,27.71396
17.03614157,4.1714,2.407019
26.15,42.210045,6.562968
1.081,23.321632,15.214273
2.318861299,8.656463,7.3339133
45.1,63.85114,7.72307
2.970007914,14.657441,8.129721
44.838,40.51726,6.580425
29.15325599,17.098097,4.0030537
35.085,39.996136,13.23796
38.9771,38.151577,11.382879
101.75,101.82138,8.443989
26.25,36.8043,2.801452
9.925,22.980188,17.710012
72.4599,60.633896,14.057936
10.66764291,10.014295,5.2263417
5.380216014,8.412174,2.6867967
59.605,37.716488,5.426459
69.7625,54.6046,7.9860883
9.398118475,11.691071,6.5234575
31.055,54.00921,9.143729
57.4,63.85114,7.72307
1.002415774,5.7546043,2.4720538
55.8219,46.430626,8.698248
64.65,21.80399,21.320736
8.398937917,10.746547,8.704667
39.9745,50.779484,7.325863
34.735,44.409317,6.654587
10.97153801,15.488225,3.5852153
18.5,10.146929,5.8783813
108.55,76.870834,6.9481826
2.421428804,25.428442,10.940069
44.4244,40.51726,6.580425
97.215,76.870834,6.9481826
56.2026,55.380104,5.7051997
41.407,34.1119,4.3024573
47.45,35.674625,17.551928
2.885911506,4.936214,3.2650275
35.325,45.284134,9.889243
24.595,37.716488,5.426459
55.131,55.97553,7.0322914
23.32503975,14.140064,6.6477594
3.537597689,10.034436,7.3338647
68.45,54.321457,8.979785
47.835,39.06767,4.571003
31.0,59.31877,6.575419
6.622265998,13.080452,4.6544504
132.4,44.268524,10.003215
1.68,13.55151,4.3628187
1.95,7.5105577,15.987361
